Name,Industry,Region__c,Region_New__c,Legacy_Region__c,Sync_Status__c
Demo Account 0001,Technology,East,,,Synced
Demo Account 0002,Healthcare,North,,,Synced
Demo Account 0003,Technology,North,,,Synced
Demo Account 0004,Manufacturing,North,,,Synced
Demo Account 0005,Manufacturing,North,,,Synced
Demo Account 0006,Technology,South,,,Synced
Demo Account 0007,Manufacturing,South,South,,Synced
Demo Account 0008,Finance,North,,,Synced
Demo Account 0009,Finance,West,,,Synced
Demo Account 0010,Manufacturing,South,,,Synced
Demo Account 0011,Energy,,,,Synced
Demo Account 0012,Retail,North,North,,Synced
Demo Account 0013,Technology,,,,Synced
Demo Account 0014,Finance,East,,,Synced
Demo Account 0015,Retail,West,West,,Synced
Demo Account 0016,Energy,,North,,Synced
Demo Account 0017,Energy,West,,EMEA,Synced
Demo Account 0018,Finance,West,,,Synced
Demo Account 0019,Finance,East,East,,
Demo Account 0020,Healthcare,West,West,,Synced
Demo Account 0021,Retail,,,,Synced
Demo Account 0022,Manufacturing,East,,,Synced
Demo Account 0023,Technology,South,South,,Synced
Demo Account 0024,Finance,South,,,Synced
Demo Account 0025,Healthcare,East,,,
Demo Account 0026,Energy,,,,Synced
Demo Account 0027,Finance,West,,,Synced
Demo Account 0028,Finance,,North,,Synced
Demo Account 0029,Healthcare,East,,,Synced
Demo Account 0030,Technology,North,,,
Demo Account 0031,Retail,West,West,,Synced
Demo Account 0032,Finance,,West,,Synced
Demo Account 0033,Retail,East,East,,Synced
Demo Account 0034,Technology,West,,,Synced
Demo Account 0035,Technology,East,East,,Synced
Demo Account 0036,Energy,,,,
Demo Account 0037,Manufacturing,East,,,Synced
Demo Account 0038,Manufacturing,East,,,
Demo Account 0039,Healthcare,West,,,Synced
Demo Account 0040,Finance,,,,Synced
Demo Account 0041,Retail,,,,
Demo Account 0042,Finance,East,East,,Synced
Demo Account 0043,Healthcare,,,,
Demo Account 0044,Energy,West,,,Synced
Demo Account 0045,Manufacturing,,,,Synced
Demo Account 0046,Technology,South,,,
Demo Account 0047,Technology,,,,Synced
Demo Account 0048,Healthcare,South,,,
Demo Account 0049,Finance,South,,,Synced
Demo Account 0050,Technology,East,East,,Synced
Demo Account 0051,Finance,,,,
Demo Account 0052,Retail,South,,,Synced
Demo Account 0053,Healthcare,South,,,Synced
Demo Account 0054,Finance,,South,,Synced
Demo Account 0055,Manufacturing,,,,Synced
Demo Account 0056,Healthcare,,,,Synced
Demo Account 0057,Energy,South,South,,Synced
Demo Account 0058,Healthcare,North,,,Synced
Demo Account 0059,Manufacturing,North,,,Synced
Demo Account 0060,Technology,North,,,Synced
Demo Account 0061,Healthcare,South,,,
Demo Account 0062,Retail,,,,
Demo Account 0063,Technology,South,,,Synced
Demo Account 0064,Technology,East,East,,Synced
Demo Account 0065,Manufacturing,,,,
Demo Account 0066,Finance,,East,,Synced
Demo Account 0067,Energy,North,,,
Demo Account 0068,Finance,,,,Synced
Demo Account 0069,Retail,South,,,Synced
Demo Account 0070,Retail,West,,,Synced
Demo Account 0071,Manufacturing,East,,,
Demo Account 0072,Manufacturing,North,North,,Synced
Demo Account 0073,Energy,,,,
Demo Account 0074,Healthcare,East,,,Synced
Demo Account 0075,Energy,East,East,,Synced
Demo Account 0076,Technology,North,,,
Demo Account 0077,Retail,North,,,
Demo Account 0078,Finance,,West,,
Demo Account 0079,Energy,East,,,Synced
Demo Account 0080,Manufacturing,North,,,Synced
Demo Account 0081,Manufacturing,East,,,Synced
Demo Account 0082,Retail,,,,Synced
Demo Account 0083,Manufacturing,North,,,Synced
Demo Account 0084,Energy,South,,,Synced
Demo Account 0085,Healthcare,,,,Synced
Demo Account 0086,Energy,South,,,Synced
Demo Account 0087,Technology,South,,,
Demo Account 0088,Retail,,North,,Synced
Demo Account 0089,Healthcare,,North,,Synced
Demo Account 0090,Technology,East,,,Synced
Demo Account 0091,Retail,South,,,
Demo Account 0092,Retail,,East,,Synced
Demo Account 0093,Finance,South,South,,Synced
Demo Account 0094,Technology,,South,,Synced
Demo Account 0095,Finance,North,North,,Synced
Demo Account 0096,Healthcare,East,,,
Demo Account 0097,Healthcare,,,,Synced
Demo Account 0098,Retail,East,,,Synced
Demo Account 0099,Healthcare,,South,,Synced
Demo Account 0100,Healthcare,,,,
Demo Account 0101,Energy,North,,,Synced
Demo Account 0102,Energy,South,South,,Synced
Demo Account 0103,Technology,North,,,Synced
Demo Account 0104,Technology,South,,,Synced
Demo Account 0105,Energy,North,,,Synced
Demo Account 0106,Manufacturing,North,,,Synced
Demo Account 0107,Finance,West,,,
Demo Account 0108,Energy,East,,,Synced
Demo Account 0109,Energy,South,,,Synced
Demo Account 0110,Retail,South,South,,
Demo Account 0111,Retail,North,,,Synced
Demo Account 0112,Technology,East,,,
Demo Account 0113,Finance,South,,,Synced
Demo Account 0114,Finance,West,West,,
Demo Account 0115,Manufacturing,,West,,Synced
Demo Account 0116,Retail,North,North,,Synced
Demo Account 0117,Manufacturing,,,,Synced
Demo Account 0118,Finance,West,,,Synced
Demo Account 0119,Retail,West,,,Synced
Demo Account 0120,Retail,North,,,
Demo Account 0121,Technology,North,,,
Demo Account 0122,Finance,East,,,
Demo Account 0123,Retail,North,,,
Demo Account 0124,Retail,,East,,Synced
Demo Account 0125,Healthcare,South,South,,Synced
Demo Account 0126,Technology,East,,,
Demo Account 0127,Healthcare,,,,Synced
Demo Account 0128,Finance,,North,,Synced
Demo Account 0129,Technology,South,,,
Demo Account 0130,Retail,South,South,,Synced
Demo Account 0131,Finance,East,,,Synced
Demo Account 0132,Technology,West,West,,Synced
Demo Account 0133,Retail,West,,,
Demo Account 0134,Manufacturing,West,,,Synced
Demo Account 0135,Retail,East,,,Synced
Demo Account 0136,Finance,,,,Synced
Demo Account 0137,Technology,South,,,Synced
Demo Account 0138,Energy,East,East,,Synced
Demo Account 0139,Finance,,South,,Synced
Demo Account 0140,Technology,West,,,Synced
Demo Account 0141,Finance,,,,
Demo Account 0142,Healthcare,West,West,,
Demo Account 0143,Manufacturing,West,West,,Synced
Demo Account 0144,Energy,,,,
Demo Account 0145,Technology,,West,,Synced
Demo Account 0146,Energy,South,,,Synced
Demo Account 0147,Finance,South,,,Synced
Demo Account 0148,Healthcare,North,North,,Synced
Demo Account 0149,Technology,East,East,,Synced
Demo Account 0150,Manufacturing,West,,,Synced
Demo Account 0151,Finance,South,,,Synced
Demo Account 0152,Energy,East,East,,Synced
Demo Account 0153,Retail,North,,,Synced
Demo Account 0154,Retail,,,,Synced
Demo Account 0155,Healthcare,South,South,,Synced
Demo Account 0156,Manufacturing,West,,,Synced
Demo Account 0157,Technology,,,,
Demo Account 0158,Finance,,,,Synced
Demo Account 0159,Finance,North,,,Synced
Demo Account 0160,Technology,North,,,Synced
Demo Account 0161,Retail,,,,Synced
Demo Account 0162,Manufacturing,North,,,Synced
Demo Account 0163,Finance,West,West,,
Demo Account 0164,Technology,East,,,Synced
Demo Account 0165,Healthcare,,,,
Demo Account 0166,Retail,,,,
Demo Account 0167,Manufacturing,,West,,Synced
Demo Account 0168,Finance,West,West,,Synced
Demo Account 0169,Finance,West,West,,Synced
Demo Account 0170,Technology,,,,Synced
Demo Account 0171,Retail,North,,,Synced
Demo Account 0172,Retail,,,,
Demo Account 0173,Energy,,East,,
Demo Account 0174,Finance,North,North,,Synced
Demo Account 0175,Retail,West,,,
Demo Account 0176,Technology,West,West,,
Demo Account 0177,Healthcare,,,,Synced
Demo Account 0178,Healthcare,,,,Synced
Demo Account 0179,Finance,South,,,Synced
Demo Account 0180,Manufacturing,North,,,
Demo Account 0181,Technology,North,,,Synced
Demo Account 0182,Finance,,,,Synced
Demo Account 0183,Energy,South,,,Synced
Demo Account 0184,Retail,North,,,Synced
Demo Account 0185,Finance,East,,,Synced
Demo Account 0186,Healthcare,South,South,,Synced
Demo Account 0187,Healthcare,,,,Synced
Demo Account 0188,Technology,,,,Synced
Demo Account 0189,Technology,,,,
Demo Account 0190,Healthcare,South,South,,Synced
Demo Account 0191,Finance,,,,Synced
Demo Account 0192,Healthcare,North,North,,Synced
Demo Account 0193,Manufacturing,North,,,
Demo Account 0194,Manufacturing,North,,,
Demo Account 0195,Healthcare,East,,,Synced
Demo Account 0196,Finance,South,South,,Synced
Demo Account 0197,Manufacturing,North,,,Synced
Demo Account 0198,Retail,North,,,Synced
Demo Account 0199,Technology,East,,,Synced
Demo Account 0200,Retail,East,,,Synced
Demo Account 0201,Technology,West,,,Synced
Demo Account 0202,Finance,,,,Synced
Demo Account 0203,Technology,East,,,Synced
Demo Account 0204,Technology,,,,Synced
Demo Account 0205,Retail,East,,,Synced
Demo Account 0206,Finance,South,,,Synced
Demo Account 0207,Technology,,,,
Demo Account 0208,Energy,West,,,Synced
Demo Account 0209,Healthcare,,,,Synced
Demo Account 0210,Manufacturing,South,,,Synced
Demo Account 0211,Manufacturing,South,,,
Demo Account 0212,Energy,South,South,,Synced
Demo Account 0213,Healthcare,East,East,,
Demo Account 0214,Manufacturing,East,,,Synced
Demo Account 0215,Technology,East,,,Synced
Demo Account 0216,Healthcare,West,,,Synced
Demo Account 0217,Finance,,,,Synced
Demo Account 0218,Finance,South,,,Synced
Demo Account 0219,Energy,North,North,,Synced
Demo Account 0220,Finance,North,North,,Synced
Demo Account 0221,Healthcare,South,South,,Synced
Demo Account 0222,Finance,,North,,Synced
Demo Account 0223,Manufacturing,,,,Synced
Demo Account 0224,Retail,East,,,
Demo Account 0225,Retail,East,,,Synced
Demo Account 0226,Healthcare,West,West,,Synced
Demo Account 0227,Manufacturing,East,East,,Synced
Demo Account 0228,Manufacturing,,,,Synced
Demo Account 0229,Energy,East,East,,
Demo Account 0230,Technology,West,,,Synced
Demo Account 0231,Finance,West,,,
Demo Account 0232,Finance,,,,Synced
Demo Account 0233,Retail,North,,,Synced
Demo Account 0234,Manufacturing,,,,Synced
Demo Account 0235,Technology,West,,,Synced
Demo Account 0236,Technology,South,,,Synced
Demo Account 0237,Healthcare,East,,,Synced
Demo Account 0238,Healthcare,East,,,
Demo Account 0239,Manufacturing,,South,,Synced
Demo Account 0240,Energy,West,West,,Synced
Demo Account 0241,Technology,,,,Synced
Demo Account 0242,Healthcare,East,,,
Demo Account 0243,Technology,,West,,Synced
Demo Account 0244,Technology,North,,,
Demo Account 0245,Manufacturing,North,North,,Synced
Demo Account 0246,Energy,South,,,Synced
Demo Account 0247,Energy,South,,,Synced
Demo Account 0248,Finance,West,,,Synced
Demo Account 0249,Manufacturing,West,West,,Synced
Demo Account 0250,Technology,North,,,Synced
Demo Account 0251,Healthcare,East,,,Synced
Demo Account 0252,Manufacturing,,,,Synced
Demo Account 0253,Energy,,North,,Synced
Demo Account 0254,Finance,South,,,Synced
Demo Account 0255,Energy,,,,
Demo Account 0256,Technology,West,,,
Demo Account 0257,Retail,West,,,Synced
Demo Account 0258,Manufacturing,West,,,Synced
Demo Account 0259,Manufacturing,North,North,,Synced
Demo Account 0260,Manufacturing,South,,,Synced
Demo Account 0261,Technology,,,,
Demo Account 0262,Healthcare,,East,,
Demo Account 0263,Energy,,,,
Demo Account 0264,Technology,North,North,,Synced
Demo Account 0265,Retail,North,,,Synced
Demo Account 0266,Manufacturing,,South,,Synced
Demo Account 0267,Retail,East,,,
Demo Account 0268,Retail,North,,,Synced
Demo Account 0269,Technology,West,,,Synced
Demo Account 0270,Retail,,,,Synced
Demo Account 0271,Technology,North,,,Synced
Demo Account 0272,Manufacturing,East,East,,Synced
Demo Account 0273,Finance,North,North,,Synced
Demo Account 0274,Healthcare,South,,,Synced
Demo Account 0275,Energy,South,,,Synced
Demo Account 0276,Technology,South,South,,Synced
Demo Account 0277,Finance,North,,,
Demo Account 0278,Retail,North,,,Synced
Demo Account 0279,Manufacturing,East,,,Synced
Demo Account 0280,Healthcare,South,,,Synced
Demo Account 0281,Manufacturing,North,,,
Demo Account 0282,Manufacturing,,,,Synced
Demo Account 0283,Finance,East,,,Synced
Demo Account 0284,Energy,South,,,
Demo Account 0285,Energy,,,,Synced
Demo Account 0286,Manufacturing,East,East,,Synced
Demo Account 0287,Manufacturing,North,North,,Synced
Demo Account 0288,Finance,,,,Synced
Demo Account 0289,Manufacturing,North,,,
Demo Account 0290,Finance,West,West,,Synced
Demo Account 0291,Healthcare,East,,,Synced
Demo Account 0292,Finance,,,,Synced
Demo Account 0293,Energy,West,,,
Demo Account 0294,Finance,South,,,Synced
Demo Account 0295,Finance,East,,,Synced
Demo Account 0296,Retail,West,,,
Demo Account 0297,Finance,West,,,Synced
Demo Account 0298,Technology,South,,,Synced
Demo Account 0299,Retail,West,,,Synced
Demo Account 0300,Manufacturing,,,,Synced
Demo Account 0301,Manufacturing,North,,,Synced
Demo Account 0302,Healthcare,,,,Synced
Demo Account 0303,Finance,West,West,,Synced
Demo Account 0304,Energy,North,,,Synced
Demo Account 0305,Technology,East,,,Synced
Demo Account 0306,Healthcare,West,,,Synced
Demo Account 0307,Healthcare,South,,,
Demo Account 0308,Technology,West,,,
Demo Account 0309,Manufacturing,South,,,
Demo Account 0310,Finance,South,,,Synced
Demo Account 0311,Finance,East,,,Synced
Demo Account 0312,Retail,South,,,
Demo Account 0313,Retail,,,,Synced
Demo Account 0314,Healthcare,East,,,Synced
Demo Account 0315,Finance,East,East,,Synced
Demo Account 0316,Retail,East,,,Synced
Demo Account 0317,Technology,North,,,Synced
Demo Account 0318,Manufacturing,East,,,Synced
Demo Account 0319,Finance,West,,,Synced
Demo Account 0320,Technology,South,,,Synced
Demo Account 0321,Healthcare,East,East,,Synced
Demo Account 0322,Technology,West,,,Synced
Demo Account 0323,Healthcare,South,,,Synced
Demo Account 0324,Manufacturing,,,,Synced
Demo Account 0325,Energy,North,North,,Synced
Demo Account 0326,Finance,East,,,
Demo Account 0327,Energy,North,North,,Synced
Demo Account 0328,Retail,,,,
Demo Account 0329,Manufacturing,North,,,Synced
Demo Account 0330,Energy,West,,,Synced
Demo Account 0331,Manufacturing,West,,,Synced
Demo Account 0332,Retail,East,,,Synced
Demo Account 0333,Retail,West,,,
Demo Account 0334,Technology,East,,,Synced
Demo Account 0335,Energy,East,,,Synced
Demo Account 0336,Finance,North,,,Synced
Demo Account 0337,Technology,North,,,Synced
Demo Account 0338,Healthcare,West,,,
Demo Account 0339,Energy,West,,,Synced
Demo Account 0340,Finance,North,North,,Synced
Demo Account 0341,Technology,South,South,,Synced
Demo Account 0342,Retail,North,,,
Demo Account 0343,Retail,South,,,
Demo Account 0344,Finance,South,,,Synced
Demo Account 0345,Technology,North,,,Synced
Demo Account 0346,Finance,,,,Synced
Demo Account 0347,Energy,,,,
Demo Account 0348,Technology,West,,,Synced
Demo Account 0349,Finance,South,,,Synced
Demo Account 0350,Manufacturing,,,,
Demo Account 0351,Healthcare,South,,,Synced
Demo Account 0352,Energy,South,,,Synced
Demo Account 0353,Energy,South,,,Synced
Demo Account 0354,Retail,,,,
Demo Account 0355,Technology,North,,,
Demo Account 0356,Healthcare,North,,,Synced
Demo Account 0357,Healthcare,West,,,Synced
Demo Account 0358,Technology,West,,,Synced
Demo Account 0359,Finance,South,,,Synced
Demo Account 0360,Healthcare,,,,Synced
Demo Account 0361,Energy,,East,,
Demo Account 0362,Technology,,,,
Demo Account 0363,Manufacturing,,,,Synced
Demo Account 0364,Finance,,,,Synced
Demo Account 0365,Manufacturing,North,,,Synced
Demo Account 0366,Healthcare,North,,,Synced
Demo Account 0367,Healthcare,West,,,Synced
Demo Account 0368,Manufacturing,,West,,Synced
Demo Account 0369,Manufacturing,North,,,
Demo Account 0370,Technology,North,,,Synced
Demo Account 0371,Healthcare,East,,,Synced
Demo Account 0372,Finance,East,,,Synced
Demo Account 0373,Manufacturing,South,South,,
Demo Account 0374,Finance,East,,,Synced
Demo Account 0375,Finance,,South,,Synced
Demo Account 0376,Technology,North,,,Synced
Demo Account 0377,Technology,North,,,Synced
Demo Account 0378,Finance,,,,Synced
Demo Account 0379,Finance,,,,Synced
Demo Account 0380,Manufacturing,,,,Synced
Demo Account 0381,Finance,,,,Synced
Demo Account 0382,Energy,North,North,,Synced
Demo Account 0383,Technology,North,,,Synced
Demo Account 0384,Energy,North,,,Synced
Demo Account 0385,Retail,,West,,
Demo Account 0386,Retail,,South,,Synced
Demo Account 0387,Healthcare,North,,,Synced
Demo Account 0388,Technology,West,West,,
Demo Account 0389,Energy,East,,,Synced
Demo Account 0390,Retail,East,,,Synced
Demo Account 0391,Energy,,,,
Demo Account 0392,Technology,West,,,Synced
Demo Account 0393,Retail,South,South,,
Demo Account 0394,Finance,,,,
Demo Account 0395,Manufacturing,North,,,Synced
Demo Account 0396,Technology,East,East,,Synced
Demo Account 0397,Manufacturing,West,,,Synced
Demo Account 0398,Healthcare,West,West,,
Demo Account 0399,Technology,East,,,Synced
Demo Account 0400,Technology,,West,,Synced
Demo Account 0401,Technology,,,,Synced
Demo Account 0402,Retail,South,,APAC,
Demo Account 0403,Manufacturing,South,South,,Synced
Demo Account 0404,Finance,East,East,,
Demo Account 0405,Healthcare,East,,,Synced
Demo Account 0406,Manufacturing,,,,Synced
Demo Account 0407,Manufacturing,South,South,,Synced
Demo Account 0408,Healthcare,,,,Synced
Demo Account 0409,Energy,East,East,,Synced
Demo Account 0410,Technology,South,,,Synced
Demo Account 0411,Healthcare,,,,
Demo Account 0412,Finance,East,,,Synced
Demo Account 0413,Energy,West,,,Synced
Demo Account 0414,Technology,,,,Synced
Demo Account 0415,Retail,,,,Synced
Demo Account 0416,Retail,West,,,Synced
Demo Account 0417,Healthcare,,,,Synced
Demo Account 0418,Energy,North,,,Synced
Demo Account 0419,Technology,North,,,Synced
Demo Account 0420,Technology,North,North,,Synced
Demo Account 0421,Energy,,North,,Synced
Demo Account 0422,Finance,North,,,Synced
Demo Account 0423,Energy,,West,,Synced
Demo Account 0424,Healthcare,East,East,,Synced
Demo Account 0425,Manufacturing,North,North,,Synced
Demo Account 0426,Healthcare,South,,,Synced
Demo Account 0427,Energy,,West,,Synced
Demo Account 0428,Technology,West,,,Synced
Demo Account 0429,Manufacturing,North,,,
Demo Account 0430,Retail,West,,,
Demo Account 0431,Energy,North,,,
Demo Account 0432,Technology,South,,,Synced
Demo Account 0433,Healthcare,South,South,,Synced
Demo Account 0434,Finance,,South,,Synced
Demo Account 0435,Retail,North,North,,
Demo Account 0436,Technology,,,,Synced
Demo Account 0437,Manufacturing,East,East,,
Demo Account 0438,Manufacturing,East,East,,Synced
Demo Account 0439,Manufacturing,East,East,,Synced
Demo Account 0440,Healthcare,,,,Synced
Demo Account 0441,Retail,,,,
Demo Account 0442,Energy,South,,,Synced
Demo Account 0443,Retail,East,,,Synced
Demo Account 0444,Finance,East,East,,
Demo Account 0445,Manufacturing,West,West,,Synced
Demo Account 0446,Manufacturing,East,,,Synced
Demo Account 0447,Retail,North,North,,Synced
Demo Account 0448,Retail,,,,Synced
Demo Account 0449,Energy,,,,Synced
Demo Account 0450,Manufacturing,South,,,Synced
Demo Account 0451,Energy,East,,,
Demo Account 0452,Energy,West,,,
Demo Account 0453,Finance,South,,,Synced
Demo Account 0454,Healthcare,,,,Synced
Demo Account 0455,Finance,East,,,
Demo Account 0456,Retail,West,,,Synced
Demo Account 0457,Energy,West,,,
Demo Account 0458,Healthcare,West,,,Synced
Demo Account 0459,Manufacturing,South,,,Synced
Demo Account 0460,Manufacturing,,,,
Demo Account 0461,Technology,,,,Synced
Demo Account 0462,Healthcare,East,,,Synced
Demo Account 0463,Energy,West,,,Synced
Demo Account 0464,Retail,West,,,Synced
Demo Account 0465,Technology,North,,,Synced
Demo Account 0466,Manufacturing,,,,
Demo Account 0467,Healthcare,West,,,
Demo Account 0468,Technology,,,,Synced
Demo Account 0469,Retail,East,,,Synced
Demo Account 0470,Retail,North,,,
Demo Account 0471,Healthcare,West,,,Synced
Demo Account 0472,Healthcare,South,,,Synced
Demo Account 0473,Energy,East,,,Synced
Demo Account 0474,Energy,West,West,,Synced
Demo Account 0475,Technology,North,,,Synced
Demo Account 0476,Healthcare,North,North,,Synced
Demo Account 0477,Technology,South,,,Synced
Demo Account 0478,Healthcare,North,North,,Synced
Demo Account 0479,Technology,,,,Synced
Demo Account 0480,Retail,East,East,,Synced
Demo Account 0481,Healthcare,,,,Synced
Demo Account 0482,Technology,South,,,Synced
Demo Account 0483,Finance,,,,Synced
Demo Account 0484,Healthcare,South,South,,
Demo Account 0485,Finance,,East,,Synced
Demo Account 0486,Technology,East,,,Synced
Demo Account 0487,Finance,West,,,Synced
Demo Account 0488,Technology,,West,,Synced
Demo Account 0489,Retail,East,,,Synced
Demo Account 0490,Finance,East,East,,Synced
Demo Account 0491,Retail,North,,,Synced
Demo Account 0492,Manufacturing,West,West,,Synced
Demo Account 0493,Manufacturing,East,,,Synced
Demo Account 0494,Manufacturing,South,South,,Synced
Demo Account 0495,Manufacturing,,,,Synced
Demo Account 0496,Healthcare,South,,,Synced
Demo Account 0497,Finance,West,,,Synced
Demo Account 0498,Retail,East,,,Synced
Demo Account 0499,Technology,West,,,Synced
Demo Account 0500,Finance,North,,,Synced
Demo Account 0501,Technology,South,,,Synced
Demo Account 0502,Technology,South,,,Synced
Demo Account 0503,Manufacturing,,,,Synced
Demo Account 0504,Energy,East,East,,Synced
Demo Account 0505,Energy,,,,
Demo Account 0506,Retail,South,,,Synced
Demo Account 0507,Energy,East,,,Synced
Demo Account 0508,Energy,South,,,Synced
Demo Account 0509,Energy,,East,,Synced
Demo Account 0510,Finance,North,,,Synced
Demo Account 0511,Healthcare,,East,,Synced
Demo Account 0512,Finance,South,,,Synced
Demo Account 0513,Healthcare,East,,,Synced
Demo Account 0514,Energy,,North,,Synced
Demo Account 0515,Energy,North,,,Synced
Demo Account 0516,Retail,South,,,Synced
Demo Account 0517,Energy,East,,,Synced
Demo Account 0518,Finance,South,,,Synced
Demo Account 0519,Energy,,,,Synced
Demo Account 0520,Energy,North,,,Synced
Demo Account 0521,Energy,South,,,
Demo Account 0522,Energy,East,East,,Synced
Demo Account 0523,Retail,East,East,,Synced
Demo Account 0524,Manufacturing,North,North,,Synced
Demo Account 0525,Manufacturing,West,,,Synced
Demo Account 0526,Energy,West,West,,Synced
Demo Account 0527,Energy,South,,,
Demo Account 0528,Energy,West,,,Synced
Demo Account 0529,Manufacturing,West,,,Synced
Demo Account 0530,Technology,East,East,,Synced
Demo Account 0531,Retail,East,,,Synced
Demo Account 0532,Healthcare,North,North,,Synced
Demo Account 0533,Finance,South,,,
Demo Account 0534,Energy,,West,,Synced
Demo Account 0535,Finance,,,,Synced
Demo Account 0536,Energy,,East,,Synced
Demo Account 0537,Energy,East,,,Synced
Demo Account 0538,Manufacturing,West,,,
Demo Account 0539,Retail,,South,,Synced
Demo Account 0540,Retail,East,,,Synced
Demo Account 0541,Retail,,East,,Synced
Demo Account 0542,Energy,,North,,Synced
Demo Account 0543,Finance,North,,,Synced
Demo Account 0544,Manufacturing,East,,,Synced
Demo Account 0545,Finance,South,South,,Synced
Demo Account 0546,Manufacturing,North,,,Synced
Demo Account 0547,Healthcare,North,North,,Synced
Demo Account 0548,Energy,East,East,,Synced
Demo Account 0549,Manufacturing,East,East,,
Demo Account 0550,Healthcare,South,,,Synced
Demo Account 0551,Healthcare,South,,,Synced
Demo Account 0552,Healthcare,,,,Synced
Demo Account 0553,Energy,North,,,Synced
Demo Account 0554,Energy,West,,,Synced
Demo Account 0555,Manufacturing,East,,,Synced
Demo Account 0556,Healthcare,West,,,Synced
Demo Account 0557,Finance,West,,,Synced
Demo Account 0558,Manufacturing,,North,,Synced
Demo Account 0559,Energy,,North,,Synced
Demo Account 0560,Finance,East,,,Synced
Demo Account 0561,Healthcare,,,,Synced
Demo Account 0562,Manufacturing,,,,
Demo Account 0563,Healthcare,,,,Synced
Demo Account 0564,Manufacturing,,,,Synced
Demo Account 0565,Technology,,North,,Synced
Demo Account 0566,Healthcare,North,,,
Demo Account 0567,Finance,,,,
Demo Account 0568,Healthcare,,,,Synced
Demo Account 0569,Retail,,East,,
Demo Account 0570,Retail,North,,,Synced
Demo Account 0571,Healthcare,East,,,Synced
Demo Account 0572,Technology,,,,Synced
Demo Account 0573,Finance,South,,,Synced
Demo Account 0574,Technology,West,West,,Synced
Demo Account 0575,Retail,East,East,,
Demo Account 0576,Retail,West,,,Synced
Demo Account 0577,Retail,East,,,
Demo Account 0578,Technology,,,,Synced
Demo Account 0579,Energy,,,,
Demo Account 0580,Healthcare,,West,,Synced
Demo Account 0581,Manufacturing,East,,,Synced
Demo Account 0582,Energy,,North,,Synced
Demo Account 0583,Technology,West,,,Synced
Demo Account 0584,Finance,West,,,
Demo Account 0585,Manufacturing,,,,Synced
Demo Account 0586,Retail,,East,,Synced
Demo Account 0587,Healthcare,South,,,
Demo Account 0588,Energy,,,,Synced
Demo Account 0589,Manufacturing,North,,,
Demo Account 0590,Retail,South,,,Synced
Demo Account 0591,Finance,South,,,Synced
Demo Account 0592,Finance,,,,Synced
Demo Account 0593,Manufacturing,,,,Synced
Demo Account 0594,Finance,North,,,Synced
Demo Account 0595,Manufacturing,East,,,Synced
Demo Account 0596,Energy,East,,,
Demo Account 0597,Technology,East,East,,Synced
Demo Account 0598,Retail,,,,
Demo Account 0599,Finance,,,,Synced
Demo Account 0600,Technology,South,,,Synced
Demo Account 0601,Technology,East,East,,Synced
Demo Account 0602,Healthcare,South,,,Synced
Demo Account 0603,Manufacturing,South,South,,Synced
Demo Account 0604,Healthcare,,North,,Synced
Demo Account 0605,Energy,South,South,,
Demo Account 0606,Retail,East,,,
Demo Account 0607,Energy,North,,,
Demo Account 0608,Technology,South,South,,Synced
Demo Account 0609,Finance,,,,Synced
Demo Account 0610,Retail,West,,,Synced
Demo Account 0611,Energy,East,East,,
Demo Account 0612,Manufacturing,South,South,,Synced
Demo Account 0613,Retail,North,,,Synced
Demo Account 0614,Retail,South,,,Synced
Demo Account 0615,Technology,East,,,Synced
Demo Account 0616,Energy,East,,,Synced
Demo Account 0617,Retail,East,,,Synced
Demo Account 0618,Retail,North,,,Synced
Demo Account 0619,Technology,,,,Synced
Demo Account 0620,Healthcare,North,North,,Synced
Demo Account 0621,Manufacturing,East,,,
Demo Account 0622,Energy,South,,,Synced
Demo Account 0623,Finance,,West,,Synced
Demo Account 0624,Energy,East,,,Synced
Demo Account 0625,Energy,,,,
Demo Account 0626,Finance,North,North,,
Demo Account 0627,Energy,South,South,,Synced
Demo Account 0628,Finance,South,,,Synced
Demo Account 0629,Healthcare,East,,,Synced
Demo Account 0630,Retail,,,,
Demo Account 0631,Retail,South,,,Synced
Demo Account 0632,Healthcare,South,South,,
Demo Account 0633,Manufacturing,,,,
Demo Account 0634,Finance,,East,,Synced
Demo Account 0635,Technology,South,,,
Demo Account 0636,Retail,South,,,Synced
Demo Account 0637,Energy,East,East,,Synced
Demo Account 0638,Energy,,,,Synced
Demo Account 0639,Manufacturing,East,,,Synced
Demo Account 0640,Manufacturing,North,North,,Synced
Demo Account 0641,Retail,North,,,Synced
Demo Account 0642,Manufacturing,North,North,,Synced
Demo Account 0643,Manufacturing,North,North,,Synced
Demo Account 0644,Technology,,,,Synced
Demo Account 0645,Manufacturing,,,,Synced
Demo Account 0646,Retail,East,,,Synced
Demo Account 0647,Healthcare,North,North,,
Demo Account 0648,Energy,East,East,,Synced
Demo Account 0649,Energy,East,,,Synced
Demo Account 0650,Finance,West,,,
Demo Account 0651,Manufacturing,,,,
Demo Account 0652,Retail,North,North,,Synced
Demo Account 0653,Energy,,,,Synced
Demo Account 0654,Energy,North,,,Synced
Demo Account 0655,Healthcare,West,,,Synced
Demo Account 0656,Finance,West,,,Synced
Demo Account 0657,Healthcare,West,,,Synced
Demo Account 0658,Energy,,East,,Synced
Demo Account 0659,Energy,,,,Synced
Demo Account 0660,Technology,,,,
Demo Account 0661,Retail,East,,,Synced
Demo Account 0662,Manufacturing,South,South,,Synced
Demo Account 0663,Finance,North,,,Synced
Demo Account 0664,Retail,South,,,Synced
Demo Account 0665,Finance,East,,,Synced
Demo Account 0666,Finance,West,,,Synced
Demo Account 0667,Energy,South,,,Synced
Demo Account 0668,Retail,West,,,Synced
Demo Account 0669,Technology,West,,,Synced
Demo Account 0670,Healthcare,North,,,Synced
Demo Account 0671,Finance,East,,,Synced
Demo Account 0672,Finance,West,,,
Demo Account 0673,Technology,East,,,Synced
Demo Account 0674,Retail,,,,
Demo Account 0675,Retail,,,,Synced
Demo Account 0676,Energy,South,,,Synced
Demo Account 0677,Technology,North,,,Synced
Demo Account 0678,Finance,West,,,
Demo Account 0679,Finance,North,North,,Synced
Demo Account 0680,Technology,West,,,Synced
Demo Account 0681,Technology,,West,,Synced
Demo Account 0682,Energy,South,,,Synced
Demo Account 0683,Technology,,,,Synced
Demo Account 0684,Finance,North,,,Synced
Demo Account 0685,Energy,South,,,Synced
Demo Account 0686,Energy,East,,,Synced
Demo Account 0687,Energy,,,,Synced
Demo Account 0688,Manufacturing,,East,,
Demo Account 0689,Finance,East,,,Synced
Demo Account 0690,Finance,East,,,Synced
Demo Account 0691,Finance,,,,
Demo Account 0692,Manufacturing,East,,,Synced
Demo Account 0693,Energy,East,,,Synced
Demo Account 0694,Finance,East,,,
Demo Account 0695,Technology,North,,,Synced
Demo Account 0696,Finance,East,East,,Synced
Demo Account 0697,Finance,South,,,Synced
Demo Account 0698,Manufacturing,West,West,,Synced
Demo Account 0699,Technology,,North,,
Demo Account 0700,Healthcare,,West,,Synced
Demo Account 0701,Energy,South,,,Synced
Demo Account 0702,Energy,South,,,Synced
Demo Account 0703,Technology,North,,,
Demo Account 0704,Energy,,West,,
Demo Account 0705,Energy,West,West,,Synced
Demo Account 0706,Manufacturing,South,,,
Demo Account 0707,Retail,,,,
Demo Account 0708,Energy,East,,,
Demo Account 0709,Manufacturing,West,,,Synced
Demo Account 0710,Manufacturing,South,,,Synced
Demo Account 0711,Technology,South,,,Synced
Demo Account 0712,Energy,,East,,
Demo Account 0713,Finance,North,,,
Demo Account 0714,Retail,North,North,,Synced
Demo Account 0715,Manufacturing,North,North,,Synced
Demo Account 0716,Technology,East,East,,Synced
Demo Account 0717,Retail,South,,,Synced
Demo Account 0718,Manufacturing,,West,,Synced
Demo Account 0719,Finance,,,,Synced
Demo Account 0720,Finance,North,,,Synced
Demo Account 0721,Energy,North,,,Synced
Demo Account 0722,Retail,West,,,Synced
Demo Account 0723,Technology,South,,,Synced
Demo Account 0724,Technology,West,,,
Demo Account 0725,Healthcare,North,North,,Synced
Demo Account 0726,Technology,West,West,,Synced
Demo Account 0727,Healthcare,East,,,Synced
Demo Account 0728,Healthcare,,,,Synced
Demo Account 0729,Finance,,North,,Synced
Demo Account 0730,Manufacturing,South,,,Synced
Demo Account 0731,Healthcare,East,,,Synced
Demo Account 0732,Energy,East,,,Synced
Demo Account 0733,Healthcare,,South,,Synced
Demo Account 0734,Retail,North,,,
Demo Account 0735,Manufacturing,,North,,
Demo Account 0736,Healthcare,,East,,
Demo Account 0737,Finance,,,,Synced
Demo Account 0738,Manufacturing,South,South,,Synced
Demo Account 0739,Manufacturing,East,,,Synced
Demo Account 0740,Finance,,,,Synced
Demo Account 0741,Energy,,,,Synced
Demo Account 0742,Technology,,,,Synced
Demo Account 0743,Finance,,,,Synced
Demo Account 0744,Retail,,West,,
Demo Account 0745,Healthcare,,,,Synced
Demo Account 0746,Healthcare,,,,Synced
Demo Account 0747,Retail,,North,,Synced
Demo Account 0748,Healthcare,South,South,,Synced
Demo Account 0749,Energy,,,,Synced
Demo Account 0750,Retail,West,,,
Demo Account 0751,Energy,West,,,
Demo Account 0752,Finance,,,,Synced
Demo Account 0753,Technology,North,,,
Demo Account 0754,Finance,West,,,Synced
Demo Account 0755,Finance,South,South,,Synced
Demo Account 0756,Manufacturing,,,,Synced
Demo Account 0757,Manufacturing,West,,,Synced
Demo Account 0758,Finance,,,,Synced
Demo Account 0759,Healthcare,South,,,
Demo Account 0760,Healthcare,West,,,Synced
Demo Account 0761,Finance,,,,Synced
Demo Account 0762,Manufacturing,North,,,Synced
Demo Account 0763,Healthcare,East,,,Synced
Demo Account 0764,Retail,,West,,Synced
Demo Account 0765,Retail,North,,,
Demo Account 0766,Energy,,,,Synced
Demo Account 0767,Retail,North,,,Synced
Demo Account 0768,Energy,,North,,Synced
Demo Account 0769,Manufacturing,,,,Synced
Demo Account 0770,Manufacturing,West,West,,Synced
Demo Account 0771,Healthcare,East,East,,Synced
Demo Account 0772,Retail,West,West,,Synced
Demo Account 0773,Finance,South,,,Synced
Demo Account 0774,Energy,,,,Synced
Demo Account 0775,Energy,,,,
Demo Account 0776,Technology,East,East,,Synced
Demo Account 0777,Technology,East,,NA,Synced
Demo Account 0778,Healthcare,,,,Synced
Demo Account 0779,Energy,West,,,Synced
Demo Account 0780,Healthcare,East,,,Synced
Demo Account 0781,Retail,West,,,Synced
Demo Account 0782,Technology,West,,,Synced
Demo Account 0783,Manufacturing,West,,,Synced
Demo Account 0784,Healthcare,East,East,,Synced
Demo Account 0785,Retail,West,,,Synced
Demo Account 0786,Energy,West,,,Synced
Demo Account 0787,Energy,West,,,Synced
Demo Account 0788,Manufacturing,East,,,
Demo Account 0789,Finance,North,,,
Demo Account 0790,Manufacturing,North,,,
Demo Account 0791,Energy,North,,,
Demo Account 0792,Retail,,,,
Demo Account 0793,Energy,South,,,
Demo Account 0794,Technology,East,East,,
Demo Account 0795,Energy,,,,Synced
Demo Account 0796,Retail,West,,,Synced
Demo Account 0797,Manufacturing,South,South,,Synced
Demo Account 0798,Energy,,,,Synced
Demo Account 0799,Energy,,East,,Synced
Demo Account 0800,Healthcare,,,,
Demo Account 0801,Retail,,,,Synced
Demo Account 0802,Technology,North,,,Synced
Demo Account 0803,Manufacturing,East,East,,Synced
Demo Account 0804,Healthcare,North,,,
Demo Account 0805,Finance,North,,,Synced
Demo Account 0806,Manufacturing,East,,,Synced
Demo Account 0807,Healthcare,,,,Synced
Demo Account 0808,Healthcare,North,North,,Synced
Demo Account 0809,Energy,East,East,,Synced
Demo Account 0810,Healthcare,North,,,Synced
Demo Account 0811,Retail,,,,Synced
Demo Account 0812,Manufacturing,East,East,,Synced
Demo Account 0813,Technology,West,West,,Synced
Demo Account 0814,Healthcare,East,,,Synced
Demo Account 0815,Retail,,,,Synced
Demo Account 0816,Energy,,,,Synced
Demo Account 0817,Technology,North,North,,
Demo Account 0818,Healthcare,East,,,Synced
Demo Account 0819,Manufacturing,East,,,Synced
Demo Account 0820,Finance,,,,Synced
Demo Account 0821,Finance,East,East,,Synced
Demo Account 0822,Finance,,,,
Demo Account 0823,Retail,South,,,Synced
Demo Account 0824,Manufacturing,South,,,Synced
Demo Account 0825,Manufacturing,,,,
Demo Account 0826,Manufacturing,West,West,,Synced
Demo Account 0827,Technology,,West,,Synced
Demo Account 0828,Technology,North,North,,
Demo Account 0829,Finance,,,,Synced
Demo Account 0830,Retail,South,South,,Synced
Demo Account 0831,Manufacturing,,North,,Synced
Demo Account 0832,Energy,West,,,Synced
Demo Account 0833,Energy,West,West,,
Demo Account 0834,Manufacturing,West,,,Synced
Demo Account 0835,Manufacturing,West,,,Synced
Demo Account 0836,Energy,South,South,,
Demo Account 0837,Manufacturing,,North,,
Demo Account 0838,Manufacturing,North,,,Synced
Demo Account 0839,Finance,North,,,Synced
Demo Account 0840,Technology,South,,,Synced
Demo Account 0841,Manufacturing,,North,,Synced
Demo Account 0842,Finance,,East,,
Demo Account 0843,Energy,North,North,,
Demo Account 0844,Healthcare,North,,,Synced
Demo Account 0845,Manufacturing,West,,,Synced
Demo Account 0846,Energy,,West,,Synced
Demo Account 0847,Technology,West,,,Synced
Demo Account 0848,Manufacturing,East,,,
Demo Account 0849,Retail,North,North,,Synced
Demo Account 0850,Retail,South,,,Synced
Demo Account 0851,Energy,North,North,,Synced
Demo Account 0852,Finance,South,,,
Demo Account 0853,Technology,,,,
Demo Account 0854,Energy,North,,,Synced
Demo Account 0855,Healthcare,West,,,
Demo Account 0856,Retail,West,,,
Demo Account 0857,Finance,North,,,Synced
Demo Account 0858,Retail,,,,Synced
Demo Account 0859,Retail,South,South,,Synced
Demo Account 0860,Manufacturing,East,,,
Demo Account 0861,Retail,North,,,Synced
Demo Account 0862,Finance,East,,,Synced
Demo Account 0863,Finance,North,,,
Demo Account 0864,Technology,North,,,Synced
Demo Account 0865,Manufacturing,,,,Synced
Demo Account 0866,Finance,,,,Synced
Demo Account 0867,Manufacturing,East,,,Synced
Demo Account 0868,Energy,South,,,Synced
Demo Account 0869,Technology,North,North,,Synced
Demo Account 0870,Finance,North,North,,Synced
Demo Account 0871,Technology,East,,,Synced
Demo Account 0872,Finance,West,,,
Demo Account 0873,Retail,North,,,
Demo Account 0874,Technology,,,,
Demo Account 0875,Technology,East,,,
Demo Account 0876,Energy,North,,,Synced
Demo Account 0877,Manufacturing,East,,,Synced
Demo Account 0878,Healthcare,North,,,Synced
Demo Account 0879,Manufacturing,North,North,,
Demo Account 0880,Manufacturing,,,,Synced
Demo Account 0881,Energy,East,,,Synced
Demo Account 0882,Finance,South,,,
Demo Account 0883,Manufacturing,North,North,,Synced
Demo Account 0884,Retail,,East,,
Demo Account 0885,Retail,North,North,,Synced
Demo Account 0886,Technology,North,,,Synced
Demo Account 0887,Finance,West,West,,
Demo Account 0888,Manufacturing,South,,,Synced
Demo Account 0889,Retail,East,,,Synced
Demo Account 0890,Manufacturing,North,,,Synced
Demo Account 0891,Healthcare,,West,,Synced
Demo Account 0892,Technology,South,,,Synced
Demo Account 0893,Energy,,,,Synced
Demo Account 0894,Retail,West,,,Synced
Demo Account 0895,Finance,,East,,Synced
Demo Account 0896,Healthcare,South,,,
Demo Account 0897,Energy,West,,,Synced
Demo Account 0898,Retail,West,,,Synced
Demo Account 0899,Retail,,,,Synced
Demo Account 0900,Finance,South,,,
Demo Account 0901,Retail,,,,Synced
Demo Account 0902,Retail,South,,,Synced
Demo Account 0903,Technology,North,,,Synced
Demo Account 0904,Healthcare,West,West,,
Demo Account 0905,Manufacturing,West,,,Synced
Demo Account 0906,Finance,,West,,Synced
Demo Account 0907,Finance,East,East,,Synced
Demo Account 0908,Manufacturing,,,,
Demo Account 0909,Healthcare,,North,,Synced
Demo Account 0910,Technology,West,West,,Synced
Demo Account 0911,Healthcare,West,West,,Synced
Demo Account 0912,Manufacturing,East,,,Synced
Demo Account 0913,Finance,North,,,Synced
Demo Account 0914,Retail,,,,
Demo Account 0915,Technology,West,West,,
Demo Account 0916,Manufacturing,,East,,
Demo Account 0917,Retail,West,West,,
Demo Account 0918,Healthcare,North,,,Synced
Demo Account 0919,Manufacturing,,,,Synced
Demo Account 0920,Energy,East,,,
Demo Account 0921,Retail,,,,Synced
Demo Account 0922,Energy,North,,,Synced
Demo Account 0923,Finance,East,,,Synced
Demo Account 0924,Manufacturing,South,,,
Demo Account 0925,Finance,North,,,Synced
Demo Account 0926,Energy,South,,,Synced
Demo Account 0927,Manufacturing,,,,
Demo Account 0928,Healthcare,South,,,Synced
Demo Account 0929,Finance,West,,,Synced
Demo Account 0930,Energy,East,,,Synced
Demo Account 0931,Technology,East,East,,Synced
Demo Account 0932,Energy,South,,,Synced
Demo Account 0933,Manufacturing,,,,Synced
Demo Account 0934,Technology,East,,,Synced
Demo Account 0935,Healthcare,North,North,,Synced
Demo Account 0936,Manufacturing,,East,,Synced
Demo Account 0937,Retail,South,South,,
Demo Account 0938,Technology,South,South,,
Demo Account 0939,Retail,South,,,Synced
Demo Account 0940,Retail,,,,Synced
Demo Account 0941,Technology,North,,,Synced
Demo Account 0942,Retail,,East,,Synced
Demo Account 0943,Healthcare,West,West,,
Demo Account 0944,Retail,South,,,Synced
Demo Account 0945,Finance,South,,,Synced
Demo Account 0946,Finance,,South,,Synced
Demo Account 0947,Finance,,,,Synced
Demo Account 0948,Manufacturing,,South,,Synced
Demo Account 0949,Finance,West,West,,Synced
Demo Account 0950,Energy,East,,,Synced
Demo Account 0951,Finance,,East,,Synced
Demo Account 0952,Energy,South,South,,
Demo Account 0953,Retail,South,South,,
Demo Account 0954,Retail,East,,,Synced
Demo Account 0955,Healthcare,East,East,,Synced
Demo Account 0956,Finance,,,,Synced
Demo Account 0957,Healthcare,East,East,,
Demo Account 0958,Technology,,,,Synced
Demo Account 0959,Energy,West,,,Synced
Demo Account 0960,Energy,West,,,Synced
Demo Account 0961,Energy,,,,
Demo Account 0962,Energy,North,North,,
Demo Account 0963,Healthcare,,South,,Synced
Demo Account 0964,Energy,West,,,Synced
Demo Account 0965,Finance,East,,,Synced
Demo Account 0966,Energy,,North,,Synced
Demo Account 0967,Healthcare,North,,,Synced
Demo Account 0968,Finance,West,West,,Synced
Demo Account 0969,Healthcare,East,East,,Synced
Demo Account 0970,Energy,,,,
Demo Account 0971,Retail,West,West,,Synced
Demo Account 0972,Manufacturing,,,,Synced
Demo Account 0973,Retail,,West,,
Demo Account 0974,Energy,North,,,Synced
Demo Account 0975,Retail,,,,Synced
Demo Account 0976,Manufacturing,West,West,,Synced
Demo Account 0977,Technology,North,,,
Demo Account 0978,Retail,East,East,,
Demo Account 0979,Finance,East,,,Synced
Demo Account 0980,Energy,South,South,,Synced
Demo Account 0981,Technology,South,,,
Demo Account 0982,Retail,,,,Synced
Demo Account 0983,Manufacturing,,,,Synced
Demo Account 0984,Manufacturing,East,,,
Demo Account 0985,Energy,,,,Synced
Demo Account 0986,Finance,,,,
Demo Account 0987,Manufacturing,,,,Synced
Demo Account 0988,Retail,East,East,,
Demo Account 0989,Technology,North,North,,Synced
Demo Account 0990,Finance,North,North,,Synced
Demo Account 0991,Energy,West,,,
Demo Account 0992,Retail,West,,,Synced
Demo Account 0993,Healthcare,East,,,
Demo Account 0994,Energy,North,,,Synced
Demo Account 0995,Energy,South,,,Synced
Demo Account 0996,Finance,North,,,Synced
Demo Account 0997,Technology,West,West,,Synced
Demo Account 0998,Retail,,,,Synced
Demo Account 0999,Energy,,North,,Synced
Demo Account 1000,Finance,West,,,Synced
